alaxandrine parakeety.jpg,1,done
andaman bulbul.jpg,2,done
ashy woodswallow.jpg,3,done
asian barred owlet.jpg,4,done
asian paradise flycatcher.jpg,5,done
bank myna.jpg,6,done
bar headed goose.jpg,7,done
barn owl.jpg,8,done
barn swallow.jpg,9,done
baya weaver.jpg,10,done
bhrahmini shelduck.jpg,11,
black capped kingfisher.jpg,12,
black crested bulbul.jpg,13,
black drongo.jpg,14,
black francolin.jpg,15,
black healed jay.jpg,16,
black hooded oriole.jpg,17,
black ibis.jpg,18,
black redstart.jpg,19,
black shouldered kite.jpg,20,
black throated tit.jpg,21,
blackbird.jpg,22,
blue bearded bee eater.jpg,23,
blue rock thrush.jpg,24,
blue tailed bee eater.jpg,25,
blue throated barbet.jpg,26,
blue throated blue flycatcher.jpg,27,
blue winged siva.jpg,28,
bluethroat.jpg,29,
brahmini kite.jpg,30,
brahmini shelduck.jpg,31,
brahmini starling male.jpg,32,
bronze winged zacana.jpg,33,
brown shrike.jpg,34,
brown winged kingfiher.jpg,35,
Caspian Tern.jpg,36,
changeable hawk eagle.jpg,37,
chestnuit headed bee eater.jpg,38,
chestnut tailed starling.jpg,39,
collared kingfisher.jpg,40,
common greenshank.jpg,41,
common hoopoe.jpg,42,
common kingfisher.jpg,43,
COMmon merganser.jpg,44,
common shelduck.jpg,45,
common swallow.jpg,46,
common tailbird.jpg,47,
common tailorbird.jpg,48,
common teal.jpg,49,
coppersmith pipit.jpg,50,
crested kingfisher.jpg,51,
crimson sunbird.jpg,52,
dollar bird.jpg,53,
dream boy.jpg,54,
eagle.jpg,55,
egyptian vulture.jpg,56,
eurasian curlew.jpg,57,
europian goldfinch.jpg,58,
fulvous breasted woodpecker.jpg,59,
glossy ibis.jpg,60,
great black headed gull.jpg,61,
great cormorant.jpg,62,
great hornbill.jpg,63,
great pied hornbill.jpg,64,
greater coucal.jpg,65,
greater racket tailed drongo.jpg,66,
green backed tit.jpg,67,
green bee eater.jpg,68,
green sandpiper.jpg,69,
grey francolin.jpg,70,
grey headed canary flycatcher.jpg,71,
grey heron.jpg,72,
hill mayna.jpg,73,
himalayan bulbul.jpg,74,
hornbill.jpg,75,
humming bird.jpg,76,
indian peafowl.jpg,77,
indian robin.jpg,78,
indian roller.jpg,79,
indian treepie.jpg,80,
intermediate erget.jpg,81,
jungle babbler.jpg,82,
kalij pheasent.jpg,83,
large niltava.jpg,84,
lesser adjutant stork.jpg,85,
lesser whistling duck.jpg,86,
lesser yellownaped woodpecker.jpg,87,
little greeb.jpg,88,
little ringed plover.jpg,89,
little stint.jpg,90,
long beaked red jungle fowl.jpg,91,
long tailed broadbilll.jpg,92,
long tailed shrike.jpg,93,
mallard duck.jpg,94,
northern lawping.jpg,95,
northern pintail.jpg,96,
northern shoveler.jpg,97,
open bill stork.jpg,98,
openbill stork.jpg,99,
orange heade thrush.jpg,100,
oriental pied hornbill.jpg,101,
oriental white eye.jpg,102,
oriental whiteeye.jpg,103,
osprey.jpg,104,
owl.jpg,105,
paddy field pipit.jpg,106,
painted snipe.jpg,107,
paradise flycatcher.jpg,108,
peacock.jpg,109,
pheasent tailed jacana.jpg,110,
pied bushcat.jpg,111,
pied crested cuckoo.jpg,112,
pied kingfisher.jpg,113,
plum headed parrot.jpg,114,
plumbeous water redstart.jpg,115,
pond heron.jpg,116,
purple heron.jpg,117,
purple moorhen.jpg,118,
purple sunbird male.jpg,119,
purple sunbird.jpg,120,
purple swamp hen.jpg,121,
red aadantr.jpg,122,
red billed blue magpie.jpg,123,
red crested pochard.jpg,124,
red munia.jpg,125,
red naped ibis.jpg,126,
red shank.jpg,127,
red wattled lapwing.jpg,128,
red whiskered bulbul.jpg,129,
red-rumped swallow.jpg,130,
rgsa.jpg,131,
river lapwing.jpg,132,
rudd.jpg,133,
ruddy shelduck.jpg,134,
scaly breasted munia.jpg,135,
scarlet minivet.jpg,136,
shrike.jpg,137,
siberian stonechat.jpg,138,
small pratincole.jpg,139,
snakebird.jpg,140,
spangled drongo.jpg,141,
spotted owlet.jpg,142,
stork billed kingfisher.jpg,143,
temminck's stint.jpg,144,
the yellow claw.jpg,145,
tri color munia.jpg,146,
verdicter flycathcer.jpg,147,
verditer flycacher.jpg,148,
verditer flycatcher.jpg,149,
water cock.jpg,150,
watercock.jpg,151,
western reef heron.jpg,152,
whiskered tern.jpg,153,
white breasted kingfisher.jpg,154,
white breasted water hen.jpg,155,
white breasted waterhen.jpg,156,
white browed wagtail.jpg,157,
white capped redstart.jpg,158,
white throated kingfisher.jpg,159,
white wagtail.jpg,160,
white-throated faintail.jpg,161,
whitecrested laughing thrush.jpg,162,
yellow billed blue magpie.jpg,163,
yellow eyed babbler.jpg,164,
yellow wattled lapwing.jpg,165,
zitting cicticola.jpg,166,